{
    "1": {
        "0": 0.016034431755542755,
        "1": 0.008597188629209995,
        "2": 0.013132232241332531,
        "3": 0.020786026492714882,
        "4": 0.015194983221590519,
        "5": 0.02490413933992386,
        "6": 0.029641393572092056,
        "7": 0.03079659305512905,
        "8": 0.03851607069373131,
        "9": 0.040314532816410065,
        "10": 0.05387641116976738,
        "11": 0.05402584373950958,
        "12": 0.051192574203014374,
        "13": 0.05878303200006485,
        "14": 0.05709461867809296,
        "15": 0.06898349523544312,
        "16": 0.07269451022148132,
        "17": 0.061869796365499496,
        "18": 0.06671564280986786,
        "19": 0.07354655861854553,
        "20": 0.07827043533325195,
        "21": 0.08035335689783096,
        "22": 0.06958582997322083,
        "23": 0.053452737629413605,
        "24": 0.06251504272222519,
        "25": 0.06198607385158539,
        "26": 0.06369276344776154,
        "27": 0.05594378709793091,
        "28": 0.07795331627130508,
        "29": 0.055569399148225784,
        "30": 0.050825364887714386,
        "31": 0.06442210078239441,
        "32": 0.06855574995279312,
        "33": 0.07812808454036713,
        "34": 0.08100443333387375,
        "35": 0.10675255954265594,
        "36": 0.1369907706975937,
        "37": 0.2153209149837494,
        "38": 0.2257111519575119,
        "39": 0.2673751413822174
    },
    "2": {
        "0": 0.016414199024438858,
        "1": 0.007651639636605978,
        "2": 0.012203294783830643,
        "3": 0.02167569287121296,
        "4": 0.021899402141571045,
        "5": 0.03118284046649933,
        "6": 0.03656743839383125,
        "7": 0.04252760857343674,
        "8": 0.05411273613572121,
        "9": 0.05325760319828987,
        "10": 0.06796081364154816,
        "11": 0.07093039155006409,
        "12": 0.07577069103717804,
        "13": 0.09067865461111069,
        "14": 0.07348836958408356,
        "15": 0.08224916458129883,
        "16": 0.06917548924684525,
        "17": 0.07372508198022842,
        "18": 0.07373254001140594,
        "19": 0.08234356343746185,
        "20": 0.07898721843957901,
        "21": 0.0831800028681755,
        "22": 0.06822909414768219,
        "23": 0.0571831539273262,
        "24": 0.05775734409689903,
        "25": 0.07256750017404556,
        "26": 0.06250351667404175,
        "27": 0.06503269076347351,
        "28": 0.052591871470212936,
        "29": 0.052151553332805634,
        "30": 0.0667206421494484,
        "31": 0.08017119765281677,
        "32": 0.07074551284313202,
        "33": 0.08131583780050278,
        "34": 0.10088871419429779,
        "35": 0.10446341335773468,
        "36": 0.15017735958099365,
        "37": 0.2085195928812027,
        "38": 0.2604779899120331,
        "39": 0.33112573623657227
    },
    "3": {
        "0": 0.015690196305513382,
        "1": 0.008211216889321804,
        "2": 0.013630680739879608,
        "3": 0.02109990268945694,
        "4": 0.016149483621120453,
        "5": 0.027793554589152336,
        "6": 0.03330055996775627,
        "7": 0.03549427166581154,
        "8": 0.043434321880340576,
        "9": 0.05019747093319893,
        "10": 0.0612463615834713,
        "11": 0.0602092519402504,
        "12": 0.06994479149580002,
        "13": 0.08391790091991425,
        "14": 0.09250296652317047,
        "15": 0.10730336606502533,
        "16": 0.10508696734905243,
        "17": 0.09599477052688599,
        "18": 0.07932454347610474,
        "19": 0.09333863854408264,
        "20": 0.09752238541841507,
        "21": 0.11671330034732819,
        "22": 0.07632520794868469,
        "23": 0.08575465530157089,
        "24": 0.08302164822816849,
        "25": 0.08065132796764374,
        "26": 0.09101955592632294,
        "27": 0.0854015126824379,
        "28": 0.07694537192583084,
        "29": 0.07431099563837051,
        "30": 0.079600490629673,
        "31": 0.07222311943769455,
        "32": 0.08731991052627563,
        "33": 0.07518697530031204,
        "34": 0.11128079891204834,
        "35": 0.12077319622039795,
        "36": 0.14397063851356506,
        "37": 0.25434958934783936,
        "38": 0.26060259342193604,
        "39": 0.36372804641723633
    },
    "4": {
        "0": 0.018526816740632057,
        "1": 0.014629525132477283,
        "2": 0.01531291101127863,
        "3": 0.034464702010154724,
        "4": 0.034024860709905624,
        "5": 0.06532632559537888,
        "6": 0.05371295288205147,
        "7": 0.06695323437452316,
        "8": 0.08484780043363571,
        "9": 0.07913283258676529,
        "10": 0.14885680377483368,
        "11": 0.1370631456375122,
        "12": 0.15027369558811188,
        "13": 0.16059213876724243,
        "14": 0.16449452936649323,
        "15": 0.15536275506019592,
        "16": 0.1905192881822586,
        "17": 0.1558334231376648,
        "18": 0.1900419294834137,
        "19": 0.13915996253490448,
        "20": 0.17389975488185883,
        "21": 0.17189964652061462,
        "22": 0.14131511747837067,
        "23": 0.09667805582284927,
        "24": 0.0775427371263504,
        "25": 0.08732336759567261,
        "26": 0.11393430083990097,
        "27": 0.1198594868183136,
        "28": 0.11606979370117188,
        "29": 0.05276035517454147,
        "30": 0.10249536484479904,
        "31": 0.11630222946405411,
        "32": 0.058025602251291275,
        "33": 0.09649517387151718,
        "34": 0.23000496625900269,
        "35": 0.08047664910554886,
        "36": 0.2660832107067108,
        "37": 0.25463369488716125,
        "38": 0.37955817580223083,
        "39": 0.4409673511981964
    }
}