{
    "1": {
        "0": 0.0063525615260005,
        "1": 0.008794148452579975,
        "2": 0.011081079952418804,
        "3": 0.021754594519734383,
        "4": 0.020850781351327896,
        "5": 0.03029480203986168,
        "6": 0.03711111471056938,
        "7": 0.04173906520009041,
        "8": 0.04823498800396919,
        "9": 0.05071701109409332,
        "10": 0.05887265503406525,
        "11": 0.05986303463578224,
        "12": 0.06207869574427605,
        "13": 0.0655895322561264,
        "14": 0.06801052391529083,
        "15": 0.07444223016500473,
        "16": 0.08237172663211823,
        "17": 0.08466289937496185,
        "18": 0.08366402238607407,
        "19": 0.0861833393573761,
        "20": 0.08901597559452057,
        "21": 0.09655385464429855,
        "22": 0.09678779542446136,
        "23": 0.09590758383274078,
        "24": 0.09457088261842728,
        "25": 0.0924505665898323,
        "26": 0.09768616408109665,
        "27": 0.09697309136390686,
        "28": 0.09959433227777481,
        "29": 0.10030948370695114,
        "30": 0.10477196425199509,
        "31": 0.10549679398536682,
        "32": 0.11576616019010544,
        "33": 0.11213714629411697,
        "34": 0.1258470118045807,
        "35": 0.13941508531570435,
        "36": 0.1589518040418625,
        "37": 0.1969732791185379,
        "38": 0.32282334566116333,
        "39": 0.6383440494537354
    },
    "2": {
        "0": 0.006251771003007889,
        "1": 0.008267977274954319,
        "2": 0.009305547922849655,
        "3": 0.017875447869300842,
        "4": 0.020738767459988594,
        "5": 0.030468763783574104,
        "6": 0.03731619194149971,
        "7": 0.041411206126213074,
        "8": 0.047632887959480286,
        "9": 0.057693738490343094,
        "10": 0.06291036307811737,
        "11": 0.06631124764680862,
        "12": 0.06641155481338501,
        "13": 0.07363756000995636,
        "14": 0.0720769613981247,
        "15": 0.06881169229745865,
        "16": 0.06812605261802673,
        "17": 0.06790657341480255,
        "18": 0.06946370005607605,
        "19": 0.06831823289394379,
        "20": 0.07628244161605835,
        "21": 0.08184769004583359,
        "22": 0.08238459378480911,
        "23": 0.08216940611600876,
        "24": 0.08062490820884705,
        "25": 0.08032988011837006,
        "26": 0.0882396325469017,
        "27": 0.08544350415468216,
        "28": 0.08814030140638351,
        "29": 0.0920654758810997,
        "30": 0.09549416601657867,
        "31": 0.09534645080566406,
        "32": 0.10567693412303925,
        "33": 0.10631692409515381,
        "34": 0.12264522910118103,
        "35": 0.13643497228622437,
        "36": 0.16747044026851654,
        "37": 0.18993516266345978,
        "38": 0.30328819155693054,
        "39": 0.6610473990440369
    },
    "3": {
        "0": 0.00644146092236042,
        "1": 0.007982950657606125,
        "2": 0.009698222391307354,
        "3": 0.01994360238313675,
        "4": 0.018415283411741257,
        "5": 0.028179286047816277,
        "6": 0.03389795869588852,
        "7": 0.04023869335651398,
        "8": 0.04663827270269394,
        "9": 0.050340618938207626,
        "10": 0.05775105208158493,
        "11": 0.06146712228655815,
        "12": 0.06345455348491669,
        "13": 0.07273544371128082,
        "14": 0.07991337776184082,
        "15": 0.0883568525314331,
        "16": 0.10024288296699524,
        "17": 0.09664621949195862,
        "18": 0.09281810373067856,
        "19": 0.09723879396915436,
        "20": 0.09906055778265,
        "21": 0.11715830862522125,
        "22": 0.11060420423746109,
        "23": 0.11150994151830673,
        "24": 0.10590066015720367,
        "25": 0.11040174216032028,
        "26": 0.11445979028940201,
        "27": 0.12103137373924255,
        "28": 0.12452929466962814,
        "29": 0.12251610308885574,
        "30": 0.1283876746892929,
        "31": 0.12970605492591858,
        "32": 0.14429661631584167,
        "33": 0.13773636519908905,
        "34": 0.15384837985038757,
        "35": 0.16938979923725128,
        "36": 0.19963425397872925,
        "37": 0.23424555361270905,
        "38": 0.3457285165786743,
        "39": 0.8521292209625244
    },
    "4": {
        "0": 0.010983715765178204,
        "1": 0.020042432472109795,
        "2": 0.026814738288521767,
        "3": 0.037387143820524216,
        "4": 0.04746044799685478,
        "5": 0.07517736405134201,
        "6": 0.0786554366350174,
        "7": 0.08432161062955856,
        "8": 0.09371500462293625,
        "9": 0.11412825435400009,
        "10": 0.14158904552459717,
        "11": 0.15014609694480896,
        "12": 0.15963214635849,
        "13": 0.20647458732128143,
        "14": 0.19127340614795685,
        "15": 0.17390508949756622,
        "16": 0.18314196169376373,
        "17": 0.17005600035190582,
        "18": 0.18588951230049133,
        "19": 0.17141836881637573,
        "20": 0.20356571674346924,
        "21": 0.18777011334896088,
        "22": 0.19509343802928925,
        "23": 0.17161378264427185,
        "24": 0.17053355276584625,
        "25": 0.16809462010860443,
        "26": 0.20643843710422516,
        "27": 0.1535990834236145,
        "28": 0.15698522329330444,
        "29": 0.15907470881938934,
        "30": 0.180629700422287,
        "31": 0.17127655446529388,
        "32": 0.2555738687515259,
        "33": 0.22774025797843933,
        "34": 0.33447515964508057,
        "35": 0.3591727912425995,
        "36": 0.40942636132240295,
        "37": 0.5059314966201782,
        "38": 0.4950774013996124,
        "39": 1.1670713424682617
    }
}